name,nationality,city,latitude,longitude,gender
Kiana Lor,China,Suzhou,31.31,120.62,F
Joshua Lonaker,United States of America,Santa Clarita,34.39,-118.54,M
Dakota Blanco,United States of America,Oakland,37.8,-122.27,F
Natasha Yarusso,United States of America,Castro Valley,37.69,-122.09,F
Brooke Cazares,Brazil,São José dos Campos,-23.18,-45.88,F
Rochelle Johnson,United States of America,Indianapolis,39.77,-86.16,F
Joey Abreu,China,Shenyang,41.79,123.43,M
Preston Suarez,Brazil,São Paulo,-23.47,-46.67,M
Lee Dong,Philippines,Manila,14.6,120.98,F
Maaiz alDia,Turkey,Istanbul,41.02,28.96,M
Maja Nicholson,United States of America,Dallas,32.78,-96.8,F
Sasha Jansen,United States of America,Chicago,41.85,-87.65,F
Alexander Sherman,United States of America,Omaha,41.26,-95.94,M
Edgar Sanchez,Mexico,Tijuana,32.53,-117.02,M
Kolbi Strunk,United States of America,Mission Viejo,33.6,-117.67,M
Brittany Sath,Japan,Tokyo,35.69,139.75,F
Meggan Smith,United States of America,Los Angeles,34.05,-118.24,F
Ericka Arreola,Mexico,Mexico,19.43,-99.14,M
David Pulc,Canada,Toronto,43.67,-79.42,M
Kyle Luckey,United States of America,Moreno Valley,33.94,-117.23,M
Rojesh Her,Japan,Tokyo,35.69,139.75,M
David Weber,China,Peking,39.93,116.39,M
Rachel Jambor,United States of America,Chicago,41.85,-87.65,F
Musab alMoustafa,Pakistan,Rawalpindi,33.6,73.07,M
Sila Nguyen,China,Hebi,35.9,114.19,M
Samantha Hicks,United States of America,Santa Barbara,34.42,-119.7,F
Angela Harding,United States of America,Manteca,37.8,-121.22,F
Brandon Barbour,United States of America,South Hill,47.14,-122.27,M
Reilly Wagar,United States of America,Modesto,37.64,-121,F
Victoria Ibarra,Dominican Republic,Santo Domingo,18.47,-69.9,F
Dakota Wirth,United States of America,Sacramento,38.58,-121.49,F
Lauren Klocker,United States of America,Los Angeles,34.05,-118.24,F
Michael Benson,United States of America,Phoenix,33.45,-112.07,M
Sean Rozga,United States of America,Los Angeles,34.05,-118.24,M
Cody Vermeylen,United States of America,Detroit,42.33,-83.05,M
Kinaana al-Jamail,India,Kanpur,26.47,80.35,F
Daniel Garcia,Peru,Lima,-12.05,-77.05,M
Katrina Saito,Japan,Tokyo,35.69,139.75,F
Joshua Galloway,United States of America,New York,40.71,-74.01,M
Aylin Mendoza,Mexico,Mexico,19.43,-99.14,F
Sharon Fyfe,United States of America,Los Angeles,34.05,-118.24,F
Afnaan el-Mohammed,India,New Delhi,28.6,77.2,F
Jesse Williams,Russian Federation,Moscow,55.75,37.62,F
Kenny Fukushima,Japan,Tokyo,35.69,139.75,M
Tawnie Glaisher,United States of America,Fremont,37.55,-121.99,F
Britany Stevens,United States of America,Lafayette,37.89,-122.12,F
Alan Trinh,Japan,Tokyo,35.69,139.75,M
Zoe Kern,United States of America,West Jordan,40.61,-111.94,F
Sidney Beavers,United States of America,Los Angeles,34.05,-118.24,M
Miriam Aguilar,Mexico,Mexicali,32.65,-115.47,F
Issac Mata,Mexico,Tehuacán,18.45,-97.38,M
Hannah Uren,United States of America,Los Angeles,34.05,-118.24,F
Zachary Bradley,Spain,Madrid,40.41,-3.69,M
Moira Buttitto,United States of America,Los Angeles,34.05,-118.24,F
Nicole Humpal,United States of America,Walnut Creek,37.91,-122.06,F
Georgia Williams,United States of America,Memphis,35.15,-90.05,F
Connor Ferry,United States of America,Charlotte,35.23,-80.84,M
Amanda Tatum,United States of America,San Diego,32.72,-117.16,F
Cameron Steinberg,United States of America,Los Angeles,34.05,-118.24,M
Shuraih el-Karim,Pakistan,Khalabat,34.06,72.89,M
Katelyn Sharp,United States of America,Los Angeles,34.05,-118.24,F
Colin Lemont,China,Shanghai,31.05,121.4,M
Donald Nevins,United States of America,San Jose,37.34,-121.89,M
Macaela Kadillak,United States of America,Los Angeles,34.05,-118.24,F
Brittany Pratt,United States of America,San Diego,32.72,-117.16,F
Cameron Hancock,Poland,Warsaw,52.25,21,M
William Grevious,United States of America,Stockton,37.96,-121.29,M
Lindsey Job,United States of America,Los Angeles,34.05,-118.24,F
Gabrielle Smith,Korea (Republic of),Seoul,37.6,126.98,F
Allison Brink-Lomme,United States of America,Portland,45.52,-122.67,F
Sheyenne DelgadoManzanares,Cuba,Manzanillo,20.34,-77.12,F
Joseph Smith,United States of America,Sacramento,38.58,-121.49,M
Fikra alMina,India,Bombay,18.98,72.83,F
Aurelia Davis Ingham,United States of America,Roseville,38.75,-121.29,F
Taylor Elstun,United States of America,San Diego,32.72,-117.16,F
Joseph Snider,United States of America,Los Angeles,34.05,-118.24,M
Sourinthone Tran,China,Wuhan,30.58,114.27,M
Ibrahim alSawaya,Tunisia,Manzil Tamim,36.78,10.99,M
Alexandra Levy,United States of America,Los Angeles,34.05,-118.24,F
Macie Nguyen,Japan,Tokyo,35.69,139.75,F
Sean Tegtman,United States of America,Kettering,39.69,-84.17,M
Casey Vanden Bos,United States of America,Los Angeles,34.05,-118.24,M
Staci Maes,Mexico,Mexico,19.43,-99.14,F
Luke Davey,United States of America,Los Angeles,34.05,-118.24,M
Harper WheelerMarques,United States of America,San Diego,32.72,-117.16,F
Sherleen Saravanan,Myanmar,Rangoon,16.78,96.17,F
Myles Vaught,United States of America,Waukegan,42.36,-87.84,M
Juan Guerrero Camacho,Mexico,Mexico,19.43,-99.14,M
Lindsey Freund,United States of America,New York,40.71,-74.01,F
Savannah Clark,United States of America,Visalia,36.33,-119.29,F
Bradley Monsell,United States of America,New York,40.71,-74.01,M
Daisha Schmidt,United States of America,Boulder,40.02,-105.27,F
Airabella Koontz,United States of America,Dallas,32.78,-96.8,F
Hailey Malle,Russian Federation,Nizhniy Novgorod,56.33,44.01,F
Devon Miranda,Colombia,Pereira,4.81,-75.7,M
Danielle Nguyen,Japan,Tokyo,35.69,139.75,F
Mateo Cisneros,Brazil,Foz do Iguaçu,-25.55,-54.58,M
William Pablo,Japan,Kashiwara,34.58,135.62,M
Jason Hundsdorfer,United States of America,Los Angeles,34.05,-118.24,M
Antonio Desai,Japan,Kawasaki,35.52,139.72,M
Rachel Bakeman,United States of America,Phoenix,33.45,-112.07,F
Mamdooh el-Moustafa,Pakistan,Karachi,24.91,67.08,M
Lindsey Carter,United States of America,Redwood City,37.49,-122.24,F
Duncan Kruse,United States of America,Santa Ana,33.75,-117.87,M
Callahan Foster,Canada,Toronto,43.67,-79.42,M
Jamie Ortiz,El Salvador,Nueva San Salvador,13.68,-89.28,F
Ryan Barrett,United States of America,Chicago,41.85,-87.65,M
Samuel Palmer,United States of America,New York,40.71,-74.01,M
Riley Mcloughlin,United States of America,Los Angeles,34.05,-118.24,M
Aimee Apelyan,United States of America,Joliet,41.52,-88.08,F
Maryah Falloon,United States of America,Phoenix,33.45,-112.07,F
Lucille Mitchell,Canada,Edmonton,53.55,-113.5,F
Christian Zambrano-Munoz,Mexico,Mexicali,32.65,-115.47,M
Bryce Vaillancourt,United States of America,Pomona,34.06,-117.75,M
Brandilyn Collins,United States of America,Los Angeles,34.05,-118.24,F
Konner Gearhart,United States of America,New York,40.71,-74.01,M
Andrew Houghton,United States of America,Spokane,47.66,-117.42,M
Marisa Ramey,Mexico,Mexico,19.43,-99.14,F
Magdalynne Noah,United States of America,New York,40.71,-74.01,F
Megan Salamena,United States of America,Los Angeles,34.05,-118.24,F
Meghan Arnold,Russian Federation,Saint Petersburg,59.89,30.26,F
James Rice,Canada,Toronto,43.67,-79.42,M
Wesley Nunn,United States of America,Los Angeles,34.05,-118.24,M
Gareth Newkirk,United States of America,Los Angeles,34.05,-118.24,M
Austin Harline,United States of America,Las Vegas,36.17,-115.14,M
Courtney Martinez,Mexico,Aguascalientes,21.88,-102.3,F
Alexandra Graham,United States of America,Los Angeles,34.05,-118.24,F
Alexander Swearingen,United States of America,Los Angeles,34.05,-118.24,M
Brandy Waldner,Germany,Zülpich,50.7,6.65,F
Coleman Keelen,Spain,Callosa de Segura,38.12,-0.88,M
Casey Buhr,United States of America,Phoenix,33.45,-112.07,M
Shauna Sneed,United States of America,Burlingame,37.58,-122.36,F
Caitlin Dean,United States of America,Philadelphia,39.95,-75.16,F
Andrew Kirin,United States of America,Odessa,31.85,-102.37,M
Nadia Minks,Russian Federation,Moscow,55.75,37.62,F
Ivy Lucero,Brazil,São Paulo,-23.47,-46.67,F
Kevin Curry,United States of America,Phoenix,33.45,-112.07,M
Charles Cramer,United States of America,East Los Angeles,34.02,-118.17,M
Emily Warner,United States of America,Lodi,38.13,-121.27,F
Mckenzie Haycock,Canada,Toronto,43.67,-79.42,F
Faviola Soto,Mexico,Cortazar,20.48,-100.93,F
Stephen Wharton,Mexico,Tuxtla Gutiérrez,16.75,-93.12,M
Alexandria Fortner,United States of America,Phoenix,33.45,-112.07,F
Savannah Kivett,United States of America,Colorado Springs,38.83,-104.82,F
Tanner Jones,United States of America,Stockton,37.96,-121.29,M
Luisa Bautista,Mexico,Mexico,19.43,-99.14,F
Juhaina alBilal,Bangladesh,Dhaka,23.72,90.41,F
Siena Ingram,United States of America,Henderson,36.04,-114.98,F
Alondra Gardea Corral,Mexico,Ensenada,31.87,-116.62,F
Vincent Webster,United States of America,New York,40.71,-74.01,M
Abdul Jabbaar elAbdul,Egypt,Cairo,30.05,31.25,M
Patrick Carnes,United States of America,Mesa,33.42,-111.82,M
Shawn O Bryan,United States of America,Fairfield,38.25,-122.04,M
Jenna Whitney,United States of America,San Diego,32.72,-117.16,F
Kaitlin Krueger,United States of America,Los Angeles,34.05,-118.24,F
Jaime Mikesell,United States of America,Los Angeles,34.05,-118.24,F
Katelynn Andrie,United States of America,Kansas City,39.1,-94.58,F
Maryn Manzanares,United States of America,Laguna Hills,33.61,-117.71,F
Colleen Kohout,United States of America,Philadelphia,39.95,-75.16,F
Daniel Spurlin,United States of America,San Jose,37.34,-121.89,M
Trevor Bulba,United States of America,Chicago,41.85,-87.65,M
Jordan Burkhamer,United States of America,San Jose,37.34,-121.89,F
Rebecca Ah Fat,China,Tangshan,37.33,114.7,F
Christopher Jacobo,United States of America,Los Angeles,34.05,-118.24,M
Min Singal,Japan,Tokyo,35.69,139.75,F
Corey Rademacher,Ukraine,Chernihiv,51.51,31.28,M
Alexander Reed,United States of America,Los Angeles,34.05,-118.24,M
Dalen Whiting,United States of America,Carrollton,32.95,-96.89,F
Chelsea Persky,United States of America,San Bernardino,34.11,-117.29,F
Karla Taylor,Mexico,Mexico,19.43,-99.14,F
Kaden Yates,United States of America,Salinas,36.68,-121.65,M
Maimoona elSoliman,Turkey,Ankara,39.91,32.84,F
Aaqil elHashemi,India,Bangalore,12.98,77.58,M
Sean Bruso,United Kingdom,London,51.51,-0.09,M
Andrew Bishop,United States of America,Los Angeles,34.05,-118.24,M
Zahraaa elYousef,India,Hospet,15.27,76.4,F
Surya Ky,China,Tangshan,37.33,114.7,M
George Mann,Russian Federation,Moscow,55.75,37.62,M
Latino Calderon,Mexico,Hermosillo,29.07,-110.97,M
Baylen Cloutier,United States of America,Phoenix,33.45,-112.07,M
Nicole TorresValadez,Brazil,Rio de Janeiro,-22.9,-43.23,F
Addie Villavicencio,United States of America,San Jose,37.34,-121.89,F
Billy Jack Bestle,United States of America,Baltimore,39.29,-76.61,M
Isabella Martinez,Colombia,Bogotá,4.65,-74.06,F
Kimberly Thielke,United States of America,Los Angeles,34.05,-118.24,F
Adrian Miguel-Gomez,Colombia,Medellín,6.25,-75.56,M
Kayla Sales,United States of America,Quincy,42.25,-71,F
Haafiza al-Attar,Morocco,Rabat,34.01,-6.84,F
Juanita Medina,Mexico,Mexico,19.43,-99.14,F
Emma Kim,China,Hengshui,37.73,115.7,F
Mckayla Dopler,Netherlands,Kerkrade,50.87,6.07,F
Jonathan Nevarez,Mexico,Mexico,19.43,-99.14,M
Roger Redfern,United States of America,Los Angeles,34.05,-118.24,M
Hannah Critchfield,United States of America,New York,40.71,-74.01,F
Chue Fue Richter,China,Qiqihar,47.34,123.97,M
Joshua Mesan,United States of America,San Jose,37.34,-121.89,M
Dylan Bell,United States of America,Tucson,32.22,-110.93,M
Troy White,United States of America,New York,40.71,-74.01,M
Sabaaha al-Latif,India,Bangalore,12.98,77.58,F
Grant Walden,United States of America,San Diego,32.72,-117.16,M
Kitty Nguyen,Japan,Tokyo,35.69,139.75,F
Tyler Kibel,United States of America,Santa Ana,33.75,-117.87,M
Kyler Overboe,United States of America,Chicago,41.85,-87.65,M
Alexander Lizama,Brazil,Belo Horizonte,-19.92,-43.93,M
Aaron Knott,United States of America,Santa Ana,33.75,-117.87,M
Jessica Greenberg,United States of America,Joplin,37.08,-94.51,F
Lexi Hatton,United States of America,Los Angeles,34.05,-118.24,F
Jesse Hodapp,United States of America,Danville,37.82,-122,M
Andrew Brunelli,United States of America,New York,40.71,-74.01,M
Makenzie Swann,United States of America,Stockton,37.96,-121.29,F
Carlos Anaya,Mexico,Mexico,19.43,-99.14,M
Felipe Martinez Acosta,Chile,Santiago,-33.45,-70.67,M
Emma Casias,United States of America,Rochester,43.15,-77.62,F
Adolf Malik,Korea (Republic of),Seoul,37.6,126.98,M
Christian Chow,China,Handan,36.57,114.53,M
Asad elYacoub,India,Thana,19.2,72.97,M
Holly Marshall,United States of America,San Francisco,37.77,-122.42,F
Brandilyn Hanselman,Russian Federation,Chelyabinsk,55.15,61.43,F
Nicole Patria,China,Chongqing,29.56,106.55,F
Kyler Grieshaber,United States of America,Cohoes,42.77,-73.7,M
Jasper Stang,United States of America,Sacramento,38.58,-121.49,M
Anthony Visocsky,United States of America,Santa Rosa,38.44,-122.71,M
Jake Seime,United States of America,Reno,39.53,-119.81,M
Dasha Bannock Lee,United States of America,San Diego,32.72,-117.16,M
Anthony Mcdevitt,United States of America,Los Angeles,34.05,-118.24,M
Darby Focken,United States of America,Hinsdale,41.8,-87.94,F
Abigail Gallegos,Brazil,Belém,-1.45,-48.48,F
Patricia Rockhold,United States of America,San Francisco,37.77,-122.42,F
Kylie Schafer,United States of America,Houston,29.76,-95.36,F
Katherine Beatty,United States of America,Los Angeles,34.05,-118.24,F
Melissa Bickel,United Kingdom,London,51.51,-0.09,F
Rachel Boh,United States of America,Roseville,38.75,-121.29,F
Anna Yoshimura,China,Rizhao,35.39,119.55,F
Joseph Hazelton,United States of America,Oakland,37.8,-122.27,M
Tiffany Nguyen,Thailand,Bangkok,13.75,100.5,F
Ryan Tyler,United States of America,Los Angeles,34.05,-118.24,M
Max Flores,Mexico,Tijuana,32.53,-117.02,M
Veronica Tounzen,Mexico,Tijuana,32.53,-117.02,F
Haley IngrimHyrup,United States of America,Fontana,34.09,-117.43,F
Kayla Sandefur,United States of America,Los Angeles,34.05,-118.24,F
Rylee Onstott,United States of America,Los Angeles,34.05,-118.24,M
Kelli De Bartolome,United States of America,San Francisco,37.77,-122.42,F
Thomas Chanlynn,United States of America,Bay Point,38.03,-121.96,M
Andrew Yelich,United States of America,Boulder,40.02,-105.27,M
Dimitri Castillo,Colombia,Dos Quebradas,4.84,-75.67,M
Matthew Strasburger,United States of America,Los Angeles,34.05,-118.24,M
Vittoria Faulkner,United States of America,Chicago,41.85,-87.65,F
Tyler Goetz,United States of America,Los Angeles,34.05,-118.24,M
Tyler Weller,United States of America,New York,40.71,-74.01,M
Terri Mergelman,United States of America,Los Angeles,34.05,-118.24,F
Abigail Orgeron,United States of America,Prior Lake,44.71,-93.42,F
Jessica Huynh,Korea (Republic of),Seoul,37.6,126.98,F
Kyle Blanscet,United States of America,Sabattus,44.12,-70.11,M
Ronald Toth,United States of America,Los Angeles,34.05,-118.24,M
Branden Cantrell,United States of America,Phoenix,33.45,-112.07,M
Hannah Ratterman,United States of America,Los Angeles,34.05,-118.24,F
Alexandria Winter,United States of America,New York,40.71,-74.01,F
Ryan Russell,United States of America,Vacaville,38.36,-121.99,M
Logan Nighswonger,United States of America,Los Angeles,34.05,-118.24,M
Zaghlool alPasha,India,Deoria,26.5,83.79,M
Madeline Kremke,United States of America,Montgomery Village,39.18,-77.2,F
John Ferry,United States of America,Long Beach,33.77,-118.19,M
Michelle Goldanloo,United States of America,San Diego,32.72,-117.16,F
Ryan Heidebrecht,United States of America,San Jose,37.34,-121.89,M
Murtidevi Chung,Japan,Tokyo,35.69,139.75,F
Arely Rodriguez,Mexico,Morelia,19.7,-101.12,F
Taylor Stone,United States of America,Reno,39.53,-119.81,F
Melody Bowyer,United States of America,Baytown,29.74,-94.98,F
Bryant Ronquillo,Mexico,Aguascalientes,21.88,-102.3,M
Garrett Heim,United States of America,Mobile,30.69,-88.04,M
Cody Amen,United States of America,Las Vegas,36.17,-115.14,M
Jasmine Lopez,Brazil,Guaxupé,-21.3,-46.7,F
William Tierney,United States of America,New York,40.71,-74.01,M
Matthew Sputh,United States of America,Modesto,37.64,-121,M
Brenna Chapman,United States of America,Las Vegas,36.17,-115.14,F
Blake Loughran,United States of America,San Francisco,37.77,-122.42,M
Michael Melendrez,United States of America,Shreveport,32.52,-93.75,M
Katie Abercrombie,United States of America,Stockton,37.96,-121.29,F
Justin Krause,United States of America,Independence,39.09,-94.42,M
Jennifer Hauge,United States of America,Los Angeles,34.05,-118.24,F
Tiffanie Her,Japan,Tokyo,35.69,139.75,F
Dyllan Paige,United States of America,Sugar Land,29.62,-95.63,M
Cole Hathcoat,United States of America,Lemoore,36.3,-119.78,M
Jesse Carballo,Colombia,Bogotá,4.65,-74.06,M
Robert Podolski,United States of America,Oakland,37.8,-122.27,M
Viridiana Ballesteros,Brazil,Alfenas,-21.43,-45.95,F
Michael Griffin,United States of America,New York,40.71,-74.01,M
Chad Klemp,United States of America,San Diego,32.72,-117.16,M
Weldon Hightower,United States of America,New York,40.71,-74.01,M
Daniel Pierce,United States of America,New York,40.71,-74.01,M
Michaela Schoenbeck,United States of America,Rexburg,43.83,-111.79,F
Charles Prose,United States of America,Miami,25.77,-80.19,M
Brittany Kemmerzell,United States of America,New York,40.71,-74.01,F
Taryn Springfield,Canada,Vancouver,49.25,-123.13,F
Matthew Obourn,United States of America,San Diego,32.72,-117.16,M
Travis Poss,United States of America,Los Angeles,34.05,-118.24,M
Brittany Fernandez,Mexico,Zamora,19.98,-102.27,F
Cody Smith,United States of America,Charlotte,35.23,-80.84,M
Nicolas Papp,United States of America,New York,40.71,-74.01,M
Christopher Inhulsen,United States of America,Fort Worth,32.73,-97.32,M
Tessa Rawanduzy,United States of America,Derby,37.55,-97.27,F
Vanessa Gonzalez,Nicaragua,León,12.44,-86.88,F
Austin Haas,United States of America,Columbus,39.96,-83,M
Madison Fithian,United States of America,Los Angeles,34.05,-118.24,F
Zachary Mulvahill,United States of America,Los Angeles,34.05,-118.24,M
Eliana Michelsen,United States of America,Oakland,37.8,-122.27,F
Dane Whittemore,Canada,Toronto,43.67,-79.42,M
rahul,india,gurgaon,43.23,-87.23,M
